{
  "apiVersion":"1",
  "version":"1.0-SNAPSHOT",
  "provider": {
    "name":"Software AG"
  },
  "isolation":"MULTI_TENANT",
  "requiredRoles": [
    "ROLE_INVENTORY_READ",
    "ROLE_INVENTORY_ADMIN",
    "ROLE_INVENTORY_CREATE",
    "ROLE_EVENT_READ",
    "ROLE_EVENT_ADMIN",
    "ROLE_ALARM_READ",
    "ROLE_ALARM_ADMIN",
    "ROLE_IDENTITY_READ",
    "ROLE_IDENTITY_ADMIN",
    "ROLE_DEVICE_CONTROL_READ",
    "ROLE_DEVICE_CONTROL_ADMIN",
    "ROLE_MEASUREMENT_READ",
    "ROLE_MEASUREMENT_ADMIN"
  ],
  "roles":[
  ]
}